trend_slope_mean,trend_slope_std,gdp_growth_mean,gdp_growth_std,reddit_density_mean,reddit_density_std
-0.031201080295562424,0.09615703797303839,1.8892917072971949,2.452653697139842,6.138004632664481,20.080308632586455
