feature,min,max,median
trend_slope,-0.23117239154975,0.3641549750040317,-0.0550516045799064
gdp_growth,-16.0400195313042,14.5197497108994,2.11783009790057
reddit_density,0.0,280.3374,0.7028
news_sentiment,-0.0111,6.5926,6.4159
news_volume,9041.0,989564.0,149705.0
startup_density,0.003,18.4846,5.0924
log_funding,0.0,9.414973348137854,5.989106595377095
inflation,-4.44754686876746,53.2286983118174,2.13838399266837
